PuntoYComa;ident;const;int;double;bool;string;[];void;(;);,;class;{;};:;interface;.;if;else;while;for;return;break;Console;Writeline;=;==;&&;<;<=;+;*;%;-;!;this;New;intConstant;doubleConstant;boolConstant;stringConstant;null;$;Program';Program;Decl';Decl;VariableDecl;Variable;ConstDecl;ConstType;Type;Type';FunctionDecl;FunctionDecl';Formals;Formals';ClassDecl;ClassDecl';ClassDecl1';ClassDecl2';Field;InterfaceDecl;InterfaceDecl';Prototype;Prototype';StmtBlock;StmtBlock';StmtBlock1';StmtBlock2';StmtBlock3';Stmt;Stmt';CallStmt;CallStmt';Actuals;Actuals';IfStmt;ElseStmt;WhileStmt;ForStmt;ReturnStmt;BreakStmt;PrintStmt;PrintStmt';Expr;ExprEq;ExprEq';ExprAn;ExprAn';ExprEquals;ExprEquals';ExprRes;ExprRes'
;d15;d11;d16;d17;d18;d19;;d10;;;;d12;;;;d13;;;;;;;;;;;;;;;;;;;;;;;;;;;;;1;;2;3;8;5;14;9;;4;;;;6;;;;;7;;;;;;;;;;;;;;;;;;;;;;;;;;;;;;;
;;;;;;;;;;;;;;;;;;;;;;;;;;;;;;;;;;;;;;;;;;;acc;;;;;;;;;;;;;;;;;;;;;;;;;;;;;;;;;;;;;;;;;;;;;;;;;;;
;d15;d11;d16;d17;d18;d19;;d10;;;;d12;;;;d13;;;;;;;;;;;;;;;;;;;;;;;;;;;r3;;;20;21;3;8;5;14;9;;4;;;;6;;;;;7;;;;;;;;;;;;;;;;;;;;;;;;;;;;;;;
;r4;r4;r4;r4;r4;r4;;r4;;;;r4;;;;r4;;;;;;;;;;;;;;;;;;;;;;;;;;;r4;;;;;;;;;;;;;;;;;;;;;;;;;;;;;;;;;;;;;;;;;;;;;;;;;;;
;r5;r5;r5;r5;r5;r5;;r5;;;;r5;;;;r5;;;;;;;;;;;;;;;;;;;;;;;;;;;r5;;;;;;;;;;;;;;;;;;;;;;;;;;;;;;;;;;;;;;;;;;;;;;;;;;;
;r6;r6;r6;r6;r6;r6;;r6;;;;r6;;;;r6;;;;;;;;;;;;;;;;;;;;;;;;;;;r6;;;;;;;;;;;;;;;;;;;;;;;;;;;;;;;;;;;;;;;;;;;;;;;;;;;
;r7;r7;r7;r7;r7;r7;;r7;;;;r7;;;;r7;;;;;;;;;;;;;;;;;;;;;;;;;;;r7;;;;;;;;;;;;;;;;;;;;;;;;;;;;;;;;;;;;;;;;;;;;;;;;;;;
;r8;r8;r8;r8;r8;r8;;r8;;;;r8;;;;r8;;;;;;;;;;;;;;;;;;;;;;;;;;;r8;;;;;;;;;;;;;;;;;;;;;;;;;;;;;;;;;;;;;;;;;;;;;;;;;;;
d22;;;;;;;;;;;;;;;;;;;;;;;;;;;;;;;;;;;;;;;;;;;;;;;;;;;;;;;;;;;;;;;;;;;;;;;;;;;;;;;;;;;;;;;;;;;;;;
;d24;;;;;;;;;;;;;;;;;;;;;;;;;;;;;;;;;;;;;;;;;;;;;;;;;;;;;;23;;;;;;;;;;;;;;;;;;;;;;;;;;;;;;;;;;;;;;;
;d26;;;;;;;;;;;;;;;;;;;;;;;;;;;;;;;;;;;;;;;;;;;;;;;;;;;;;;25;;;;;;;;;;;;;;;;;;;;;;;;;;;;;;;;;;;;;;;
;;;d16;d17;d18;d19;;;;;;;;;;;;;;;;;;;;;;;;;;;;;;;;;;;;;;;;;;;;;27;;;;;;;;;;;;;;;;;;;;;;;;;;;;;;;;;;;;;;;;;;;
;d28;;;;;;;;;;;;;;;;;;;;;;;;;;;;;;;;;;;;;;;;;;;;;;;;;;;;;;;;;;;;;;;;;;;;;;;;;;;;;;;;;;;;;;;;;;;;;
;d29;;;;;;;;;;;;;;;;;;;;;;;;;;;;;;;;;;;;;;;;;;;;;;;;;;;;;;;;;;;;;;;;;;;;;;;;;;;;;;;;;;;;;;;;;;;;;
;r19;;;;;;d31;;;;;;;;;;;;;;;;;;;;;;;;;;;;;;;;;;;;;;;;;;;;;;30;;;;;;;;;;;;;;;;;;;;;;;;;;;;;;;;;;;;;;;;;
;r19;;;;;;d31;;;;;;;;;;;;;;;;;;;;;;;;;;;;;;;;;;;;;;;;;;;;;;32;;;;;;;;;;;;;;;;;;;;;;;;;;;;;;;;;;;;;;;;;
;r12;;;;;;r12;;;;;;;;;;;;;;;;;;;;;;;;;;;;;;;;;;;;;;;;;;;;;;;;;;;;;;;;;;;;;;;;;;;;;;;;;;;;;;;;;;;;;;;
;r13;;;;;;r13;;;;;;;;;;;;;;;;;;;;;;;;;;;;;;;;;;;;;;;;;;;;;;;;;;;;;;;;;;;;;;;;;;;;;;;;;;;;;;;;;;;;;;;
;r14;;;;;;r14;;;;;;;;;;;;;;;;;;;;;;;;;;;;;;;;;;;;;;;;;;;;;;;;;;;;;;;;;;;;;;;;;;;;;;;;;;;;;;;;;;;;;;;
;r15;;;;;;r15;;;;;;;;;;;;;;;;;;;;;;;;;;;;;;;;;;;;;;;;;;;;;;;;;;;;;;;;;;;;;;;;;;;;;;;;;;;;;;;;;;;;;;;
;;;;;;;;;;;;;;;;;;;;;;;;;;;;;;;;;;;;;;;;;;;r1;;;;;;;;;;;;;;;;;;;;;;;;;;;;;;;;;;;;;;;;;;;;;;;;;;;
;d15;d11;d16;d17;d18;d19;;d10;;;;d12;;;;d13;;;;;;;;;;;;;;;;;;;;;;;;;;;r3;;;33;21;3;8;5;14;9;;4;;;;6;;;;;7;;;;;;;;;;;;;;;;;;;;;;;;;;;;;;;
r9;r9;r9;r9;r9;r9;r9;;r9;r9;;;r9;r9;r9;;r9;;r9;;r9;r9;r9;r9;r9;;;;;;;;;;r9;r9;r9;r9;r9;r9;r9;r9;r9;r9;;;;;;;;;;;;;;;;;;;;;;;;;;;;;;;;;;;;;;;;;;;;;;;;;;;
;r20;r20;r20;r20;r20;r20;;r20;;;;r20;;r20;;r20;;;;;;;;;;;;;;;;;;;;;;;;;;;r20;;;;;;;;;;;;;;;;;;;;;;;;;;;;;;;;;;;;;;;;;;;;;;;;;;;
r10;;;;;;;;;d34;;;;;;;;;;;;;;;;;;;;;;;;;;;;;;;;;;;;;;;;;;;;;;;;;;;;;;;;;;;;;;;;;;;;;;;;;;;;;;;;;;;;;
;r21;r21;r21;r21;r21;r21;;r21;;;;r21;;r21;;r21;;;;;;;;;;;;;;;;;;;;;;;;;;;r21;;;;;;;;;;;;;;;;;;;;;;;;;;;;;;;;;;;;;;;;;;;;;;;;;;;
;;;;;;;;;d34;;;;;;;;;;;;;;;;;;;;;;;;;;;;;;;;;;;;;;;;;;;;;;;;;;;;;;;;;;;;;;;;;;;;;;;;;;;;;;;;;;;;;
;d35;;;;;;;;;;;;;;;;;;;;;;;;;;;;;;;;;;;;;;;;;;;;;;;;;;;;;;;;;;;;;;;;;;;;;;;;;;;;;;;;;;;;;;;;;;;;;
;r28;r28;r28;r28;r28;r28;;r28;;;r28;r28;r28;;d37;r28;;;;;;;;;;;;;;;;;;;;;;;;;;;r28;;;;;;;;;;;;;;;;36;;;;;;;;;;;;;;;;;;;;;;;;;;;;;;;;;;;
;;;;;;;;;;;;;d38;;;;;;;;;;;;;;;;;;;;;;;;;;;;;;;;;;;;;;;;;;;;;;;;;;;;;;;;;;;;;;;;;;;;;;;;;;;;;;;;;
;r16;;;;;;;;;;;;;;;;;;;;;;;;;;;;;;;;;;;;;;;;;;;;;;;;;;;;;;;;;;;;;;;;;;;;;;;;;;;;;;;;;;;;;;;;;;;;;
;r18;;;;;;;;;;;;;;;;;;;;;;;;;;;;;;;;;;;;;;;;;;;;;;;;;;;;;;;;;;;;;;;;;;;;;;;;;;;;;;;;;;;;;;;;;;;;;
;r17;;;;;;;;;;;;;;;;;;;;;;;;;;;;;;;;;;;;;;;;;;;;;;;;;;;;;;;;;;;;;;;;;;;;;;;;;;;;;;;;;;;;;;;;;;;;;
;;;;;;;;;;;;;;;;;;;;;;;;;;;;;;;;;;;;;;;;;;;r2;;;;;;;;;;;;;;;;;;;;;;;;;;;;;;;;;;;;;;;;;;;;;;;;;;;
;d15;;d16;d17;d18;d19;;;;;;;;;;;;;;;;;;;;;;;;;;;;;;;;;;;;;;;;;;;40;;14;41;;;;39;;;;;;;;;;;;;;;;;;;;;;;;;;;;;;;;;;;;;;
d42;;;;;;;;;;;;;;;;;;;;;;;;;;;;;;;;;;;;;;;;;;;;;;;;;;;;;;;;;;;;;;;;;;;;;;;;;;;;;;;;;;;;;;;;;;;;;;
;;;;;;;;;;;d44;;r30;;;;;;;;;;;;;;;;;;;;;;;;;;;;;;;;;;;;;;;;;;;;;;;43;;;;;;;;;;;;;;;;;;;;;;;;;;;;;;;;;;
;d45;;;;;;;;;;;;;;;;;;;;;;;;;;;;;;;;;;;;;;;;;;;;;;;;;;;;;;;;;;;;;;;;;;;;;;;;;;;;;;;;;;;;;;;;;;;;;
;d15;;d16;d17;d18;d19;;d49;;;;;;r38;;;;;;;;;;;;;;;;;;;;;;;;;;;;;;;;;;;;;14;48;;;;;;;;;;;;46;47;;;;;;;;;;;;;;;;;;;;;;;;;;;;;
;;;;;;;;;;d50;;;;;;;;;;;;;;;;;;;;;;;;;;;;;;;;;;;;;;;;;;;;;;;;;;;;;;;;;;;;;;;;;;;;;;;;;;;;;;;;;;;;
;;;;;;;;;;r25;d52;;;;;;;;;;;;;;;;;;;;;;;;;;;;;;;;;;;;;;;;;;;;;;51;;;;;;;;;;;;;;;;;;;;;;;;;;;;;;;;;;;;;
;d53;;;;;;;;;;;;;;;;;;;;;;;;;;;;;;;;;;;;;;;;;;;;;;;;;;;;;;;;;;;;;;;;;;;;;;;;;;;;;;;;;;;;;;;;;;;;;
r11;r11;r11;r11;r11;r11;r11;;r11;r11;;;r11;r11;r11;;r11;;r11;;r11;r11;r11;r11;r11;;;;;;;;;;r11;r11;r11;r11;r11;r11;r11;r11;r11;r11;;;;;;;;;;;;;;;;;;;;;;;;;;;;;;;;;;;;;;;;;;;;;;;;;;;
;;;;;;;;;;;;;d54;;;;;;;;;;;;;;;;;;;;;;;;;;;;;;;;;;;;;;;;;;;;;;;;;;;;;;;;;;;;;;;;;;;;;;;;;;;;;;;;;
;d55;;;;;;;;;;;;;;;;;;;;;;;;;;;;;;;;;;;;;;;;;;;;;;;;;;;;;;;;;;;;;;;;;;;;;;;;;;;;;;;;;;;;;;;;;;;;;
;r27;r27;r27;r27;r27;r27;;r27;;;r27;r27;r27;;;r27;;;;;;;;;;;;;;;;;;;;;;;;;;;r27;;;;;;;;;;;;;;;;;;;;;;;;;;;;;;;;;;;;;;;;;;;;;;;;;;;
;;;;;;;;;;;;;;d56;;;;;;;;;;;;;;;;;;;;;;;;;;;;;;;;;;;;;;;;;;;;;;;;;;;;;;;;;;;;;;;;;;;;;;;;;;;;;;;;
;d15;;d16;d17;d18;d19;;d49;;;;;;r38;;;;;;;;;;;;;;;;;;;;;;;;;;;;;;;;;;;;;14;48;;;;;;;;;;;;57;47;;;;;;;;;;;;;;;;;;;;;;;;;;;;;
;d59;;;;;;;;;;;;;;;;;;;;;;;;;;;;;;;;;;;;;;;;;;;;;;;;;;;;;;;;;;;;;;;;;58;;;;;;;;;;;;;;;;;;;;;;;;;;;;
;d59;;;;;;;;;;;;;;;;;;;;;;;;;;;;;;;;;;;;;;;;;;;;;;;;;;;;;;;;;;;;;;;;;60;;;;;;;;;;;;;;;;;;;;;;;;;;;;
;;;;;;;;;;;;;d62;;;;;;;;;;;;;;;;;;;;;;;;;;;;;;;;;;;;;;;;;;;;;;;;;;;;;;61;;;;;;;;;;;;;;;;;;;;;;;;;;;
;;;;;;;;;;r23;;;;;;;;;;;;;;;;;;;;;;;;;;;;;;;;;;;;;;;;;;;;;;;;;;;;;;;;;;;;;;;;;;;;;;;;;;;;;;;;;;;;
;d15;;d16;d17;d18;d19;;;;;;;;;;;;;;;;;;;;;;;;;;;;;;;;;;;;;;;;;;;40;;14;41;;;;63;;;;;;;;;;;;;;;;;;;;;;;;;;;;;;;;;;;;;;
r10;;;;;;;;;;r10;r10;;;;;;;;;;;;;;;;;;;;;;;;;;;;;;;;;;;;;;;;;;;;;;;;;;;;;;;;;;;;;;;;;;;;;;;;;;;;;;;;;;;
;d15;d11;d16;d17;d18;d19;;d10;;;;;;r32;;;;;;;;;;;;;;;;;;;;;;;;;;;;;;;;;;66;8;68;14;9;;67;;;;;;;64;65;;;;;;;;;;;;;;;;;;;;;;;;;;;;;;;;
;;;;;;;;;;;d44;;r30;;;;;;;;;;;;;;;;;;;;;;;;;;;;;;;;;;;;;;;;;;;;;;;69;;;;;;;;;;;;;;;;;;;;;;;;;;;;;;;;;;
;r36;r36;r36;r36;r36;r36;;r36;;;;r36;;;;r36;;;;;;;;;;;;;;;;;;;;;;;;;;;r36;;;;;;;;;;;;;;;;;;;;;;;;;;;;;;;;;;;;;;;;;;;;;;;;;;;
;;;;;;;;;;;;;;r37;;;;;;;;;;;;;;;;;;;;;;;;;;;;;;;;;;;;;;;;;;;;;;;;;;;;;;;;;;;;;;;;;;;;;;;;;;;;;;;;
;r39;;r39;r39;r39;r39;;r39;;;;;;r39;;;;;;;;;;;;;;;;;;;;;;;;;;;;;;;;;;;;;;;;;;;;;;;;;;;;;;;;;;;;;;;;;;;;;;;;;;;;;;;;
;;;;;;;;;d70;;;;;;;;;;;;;;;;;;;;;;;;;;;;;;;;;;;;;;;;;;;;;;;;;;;;;;;;;;;;;;;;;;;;;;;;;;;;;;;;;;;;;
;r40;;r40;r40;r40;r40;;r40;;;;;;r40;;;;;;;;;;;;;;;;;;;;;;;;;;;;;;;;;;;;;;;;;;;;;;;;;;;;;;;;;;;;;;;;;;;;;;;;;;;;;;;;
;r22;r22;r22;r22;r22;r22;;r22;;;;r22;;r22;;r22;;;;;;;;;;;;;;;;;;;;;;;;;;;r22;;;;;;;;;;;;;;;;;;;;;;;;;;;;;;;;;;;;;;;;;;;;;;;;;;;
r60;d78;d11;d16;d17;d18;d19;;;d105;;;;d62;r49;;;;d89;;d90;d91;d93;d92;d94;;;;;;;;;;d101;d102;d106;d107;d108;d109;d110;d111;d112;;;;;;73;8;75;14;41;;;;;;;;;;;;;;;86;71;72;74;76;77;79;87;;;;80;;81;82;84;83;85;;88;95;96;97;98;99;100;103;104
;;;;;;;;;;r24;;;;;;;;;;;;;;;;;;;;;;;;;;;;;;;;;;;;;;;;;;;;;;;;;;;;;;;;;;;;;;;;;;;;;;;;;;;;;;;;;;;;
;;;;;;;;;;;;;;d113;;;;;;;;;;;;;;;;;;;;;;;;;;;;;;;;;;;;;;;;;;;;;;;;;;;;;;;;;;;;;;;;;;;;;;;;;;;;;;;;
;d15;d11;d16;d17;d18;d19;;d10;;;;;;r32;;;;;;;;;;;;;;;;;;;;;;;;;;;;;;;;;;66;8;68;14;9;;67;;;;;;;114;65;;;;;;;;;;;;;;;;;;;;;;;;;;;;;;;;
;r33;r33;r33;r33;r33;r33;;r33;;;;;;r33;;;;;;;;;;;;;;;;;;;;;;;;;;;;;;;;;;;;;;;;;;;;;;;;;;;;;;;;;;;;;;;;;;;;;;;;;;;;;;;;
;r34;r34;r34;r34;r34;r34;;r34;;;;;;r34;;;;;;;;;;;;;;;;;;;;;;;;;;;;;;;;;;;;;;;;;;;;;;;;;;;;;;;;;;;;;;;;;;;;;;;;;;;;;;;;
;r35;r35;r35;r35;r35;r35;;r35;;;;;;r35;;;;;;;;;;;;;;;;;;;;;;;;;;;;;;;;;;;;;;;;;;;;;;;;;;;;;;;;;;;;;;;;;;;;;;;;;;;;;;;;
;;;;;;;;;;;;;r29;;;;;;;;;;;;;;;;;;;;;;;;;;;;;;;;;;;;;;;;;;;;;;;;;;;;;;;;;;;;;;;;;;;;;;;;;;;;;;;;;
;d15;;d16;d17;d18;d19;;;;;;;;;;;;;;;;;;;;;;;;;;;;;;;;;;;;;;;;;;;40;;14;41;;;;115;;;;;;;;;;;;;;;;;;;;;;;;;;;;;;;;;;;;;;
;;;;;;;;;;;;;;d116;;;;;;;;;;;;;;;;;;;;;;;;;;;;;;;;;;;;;;;;;;;;;;;;;;;;;;;;;;;;;;;;;;;;;;;;;;;;;;;;
;;;;;;;;;;;;;;r43;;;;;;;;;;;;;;;;;;;;;;;;;;;;;;;;;;;;;;;;;;;;;;;;;;;;;;;;;;;;;;;;;;;;;;;;;;;;;;;;
r60;d78;d11;d16;d17;d18;d19;;;d105;;;;d62;r49;;;;d89;;d90;d91;d93;d92;d94;;;;;;;;;;d101;d102;d106;d107;d108;d109;d110;d111;d112;;;;;;73;8;75;14;41;;;;;;;;;;;;;;;86;;117;74;76;77;79;87;;;;80;;81;82;84;83;85;;88;95;96;97;98;99;100;103;104
;;;;;;;;;;;;;;r45;;;;;;;;;;;;;;;;;;;;;;;;;;;;;;;;;;;;;;;;;;;;;;;;;;;;;;;;;;;;;;;;;;;;;;;;;;;;;;;;
r60;d119;d11;;;;;;;d105;;;;d62;r49;;;;d89;;d90;d91;d93;d92;d94;;;;;;;;;;d101;d102;d106;d107;d108;d109;d110;d111;d112;;;;;;;;75;;;;;;;;;;;;;;;;;86;;;118;76;77;79;87;;;;80;;81;82;84;83;85;;88;95;96;97;98;99;100;103;104
;;;;;;;;;;;;;;r47;;;;;;;;;;;;;;;;;;;;;;;;;;;;;;;;;;;;;;;;;;;;;;;;;;;;;;;;;;;;;;;;;;;;;;;;;;;;;;;;
r60;d119;;;;;;;;d105;;;;d62;r49;;;;d89;;d90;d91;d93;d92;d94;;;;;;;;;;d101;d102;d106;d107;d108;d109;d110;d111;d112;;;;;;;;;;;;;;;;;;;;;;;;;86;;;;120;77;79;87;;;;80;;81;82;84;83;85;;88;95;96;97;98;99;100;103;104
r99;r19;;;;;;d31;;d124;;;;;;;;d123-r99;;;;;;;;;d122;r99;r99;r99;r99;r99;r99;r99;;;;;;;;;;;;;;;;;;;;32;;;;;;;;;;;;;;;;;;;;;;121;;;;;;;;;;;;;;;;;;;
d125;;;;;;;;;;;;;;;;;;;;;;;;;;;;;;;;;;;;;;;;;;;;;;;;;;;;;;;;;;;;;;;;;;;;;;;;;;;;;;;;;;;;;;;;;;;;;;
r51;r51;;;;;;;;r51;;;;r51;r51;;;;r51;r51;r51;r51;r51;r51;r51;;;;;;;;;;r51;r51;r51;r51;r51;r51;r51;r51;r51;;;;;;;;;;;;;;;;;;;;;;;;;;;;;;;;;;;;;;;;;;;;;;;;;;;;
r52;r52;;;;;;;;r52;;;;r52;r52;;;;r52;r52;r52;r52;r52;r52;r52;;;;;;;;;;r52;r52;r52;r52;r52;r52;r52;r52;r52;;;;;;;;;;;;;;;;;;;;;;;;;;;;;;;;;;;;;;;;;;;;;;;;;;;;
r53;r53;;;;;;;;r53;;;;r53;r53;;;;r53;r53;r53;r53;r53;r53;r53;;;;;;;;;;r53;r53;r53;r53;r53;r53;r53;r53;r53;;;;;;;;;;;;;;;;;;;;;;;;;;;;;;;;;;;;;;;;;;;;;;;;;;;;
r54;r54;;;;;;;;r54;;;;r54;r54;;;;r54;r54;r54;r54;r54;r54;r54;;;;;;;;;;r54;r54;r54;r54;r54;r54;r54;r54;r54;;;;;;;;;;;;;;;;;;;;;;;;;;;;;;;;;;;;;;;;;;;;;;;;;;;;
r55;r55;;;;;;;;r55;;;;r55;r55;;;;r55;r55;r55;r55;r55;r55;r55;;;;;;;;;;r55;r55;r55;r55;r55;r55;r55;r55;r55;;;;;;;;;;;;;;;;;;;;;;;;;;;;;;;;;;;;;;;;;;;;;;;;;;;;
r56;r56;;;;;;;;r56;;;;r56;r56;;;;r56;r56;r56;r56;r56;r56;r56;;;;;;;;;;r56;r56;r56;r56;r56;r56;r56;r56;r56;;;;;;;;;;;;;;;;;;;;;;;;;;;;;;;;;;;;;;;;;;;;;;;;;;;;
r57;r57;;;;;;;;r57;;;;r57;r57;;;;r57;r57;r57;r57;r57;r57;r57;;;;;;;;;;r57;r57;r57;r57;r57;r57;r57;r57;r57;;;;;;;;;;;;;;;;;;;;;;;;;;;;;;;;;;;;;;;;;;;;;;;;;;;;
r58;r58;;;;;;;;r58;;;;r58;r58;;;;r58;r58;r58;r58;r58;r58;r58;;;;;;;;;;r58;r58;r58;r58;r58;r58;r58;r58;r58;;;;;;;;;;;;;;;;;;;;;;;;;;;;;;;;;;;;;;;;;;;;;;;;;;;;
r59;;;;;;;;;;;;;;;;;;;;;;;;;;;;;;;;;;;;;;;;;;;;;;;;;;;;;;;;;;;;;;;;;;;;;;;;;;;;;;;;;;;;;;;;;;;;;;
;;;;;;;;;d126;;;;;;;;;;;;;;;;;;;;;;;;;;;;;;;;;;;;;;;;;;;;;;;;;;;;;;;;;;;;;;;;;;;;;;;;;;;;;;;;;;;;;
;;;;;;;;;d127;;;;;;;;;;;;;;;;;;;;;;;;;;;;;;;;;;;;;;;;;;;;;;;;;;;;;;;;;;;;;;;;;;;;;;;;;;;;;;;;;;;;;
;;;;;;;;;d128;;;;;;;;;;;;;;;;;;;;;;;;;;;;;;;;;;;;;;;;;;;;;;;;;;;;;;;;;;;;;;;;;;;;;;;;;;;;;;;;;;;;;
d129;;;;;;;;;;;;;;;;;;;;;;;;;;;;;;;;;;;;;;;;;;;;;;;;;;;;;;;;;;;;;;;;;;;;;;;;;;;;;;;;;;;;;;;;;;;;;;
;d131;;;;;;;;d105;;;;;;;;;;;;;;;;;;;;;;;;;d101;d102;d106;d107;d108;d109;d110;d111;d112;;;;;;;;;;;;;;;;;;;;;;;;;;;;;;;;;;;;;;;;;;;;130;95;96;97;98;99;100;103;104
;;;;;;;;;;;;;;;;;d132;;;;;;;;;;;;;;;;;;;;;;;;;;;;;;;;;;;;;;;;;;;;;;;;;;;;;;;;;;;;;;;;;;;;;;;;;;;;;
r78;r78;;;;;;;;r78;r78;r78;;r78;r78;;;;r78;r78;r78;r78;r78;r78;r78;;;d133;;;;;;;r78;r78;r78;r78;r78;r78;r78;r78;r78;;;;;;;;;;;;;;;;;;;;;;;;;;;;;;;;;;;;;;;;;;;;;;;;;;;;
r80;r80;;;;;;;;r80;r80;r80;;r80;r80;;;;r80;r80;r80;r80;r80;r80;r80;;;r80;d134;;;;;;r80;r80;r80;r80;r80;r80;r80;r80;r80;;;;;;;;;;;;;;;;;;;;;;;;;;;;;;;;;;;;;;;;;;;;;;;;;;;;
r82;r82;;;;;;;;r82;r82;r82;;r82;r82;;;;r82;r82;r82;r82;r82;r82;r82;;;r82;r82;d135;d136;;;;r82;r82;r82;r82;r82;r82;r82;r82;r82;;;;;;;;;;;;;;;;;;;;;;;;;;;;;;;;;;;;;;;;;;;;;;;;;;;;
r85;r85;;;;;;;;r85;r85;r85;;r85;r85;;;;r85;r85;r85;r85;r85;r85;r85;;;r85;r85;r85;r85;d137;;;r85;r85;r85;r85;r85;r85;r85;r85;r85;;;;;;;;;;;;;;;;;;;;;;;;;;;;;;;;;;;;;;;;;;;;;;;;;;;;
r87;r87;;;;;;;;r87;r87;r87;;r87;r87;;;;r87;r87;r87;r87;r87;r87;r87;;;r87;r87;r87;r87;r87;d138;d139;r87;r87;r87;r87;r87;r87;r87;r87;r87;;;;;;;;;;;;;;;;;;;;;;;;;;;;;;;;;;;;;;;;;;;;;;;;;;;;
r90;r90;;;;;;;;r90;r90;r90;;r90;r90;;;;r90;r90;r90;r90;r90;r90;r90;;;r90;r90;r90;r90;r90;r90;r90;r90;r90;r90;r90;r90;r90;r90;r90;r90;;;;;;;;;;;;;;;;;;;;;;;;;;;;;;;;;;;;;;;;;;;;;;;;;;;;
;d141;;;;;;;;d105;;;;;;;;;;;;;;;;;;;;;;;;;;;d106;d107;d108;d109;d110;d111;d112;;;;;;;;;;;;;;;;;;;;;;;;;;;;;;;;;;;;;;;;;;;;;;;;;;;140;104
;d141;;;;;;;;d105;;;;;;;;;;;;;;;;;;;;;;;;;;;d106;d107;d108;d109;d110;d111;d112;;;;;;;;;;;;;;;;;;;;;;;;;;;;;;;;;;;;;;;;;;;;;;;;;;;142;104
r93;r93;;;;;;;;r93;r93;r93;;r93;r93;;;d143;r93;r93;r93;r93;r93;r93;r93;;;r93;r93;r93;r93;r93;r93;r93;r93;r93;r93;r93;r93;r93;r93;r93;r93;;;;;;;;;;;;;;;;;;;;;;;;;;;;;;;;;;;;;;;;;;;;;;;;;;;;
r96;r96;;;;;;;;r96;r96;r96;;r96;r96;;;r96;r96;r96;r96;r96;r96;r96;r96;;;r96;r96;r96;r96;r96;r96;r96;r96;r96;r96;r96;r96;r96;r96;r96;r96;;;;;;;;;;;;;;;;;;;;;;;;;;;;;;;;;;;;;;;;;;;;;;;;;;;;
;d131;;;;;;;;d105;;;;;;;;;;;;;;;;;;;;;;;;;d101;d102;d106;d107;d108;d109;d110;d111;d112;;;;;;;;;;;;;;;;;;;;;;;;;;;;;;;;;;;;;;;;;;;;144;95;96;97;98;99;100;103;104
r98;r98;;;;;;;;r98;r98;r98;;r98;r98;;;r98;r98;r98;r98;r98;r98;r98;r98;;;r98;r98;r98;r98;r98;r98;r98;r98;r98;r98;r98;r98;r98;r98;r98;r98;;;;;;;;;;;;;;;;;;;;;;;;;;;;;;;;;;;;;;;;;;;;;;;;;;;;
;;;;;;;;;d145;;;;;;;;;;;;;;;;;;;;;;;;;;;;;;;;;;;;;;;;;;;;;;;;;;;;;;;;;;;;;;;;;;;;;;;;;;;;;;;;;;;;;
r101;r101;;;;;;;;r101;r101;r101;;r101;r101;;;r101;r101;r101;r101;r101;r101;r101;r101;;;r101;r101;r101;r101;r101;r101;r101;r101;r101;r101;r101;r101;r101;r101;r101;r101;;;;;;;;;;;;;;;;;;;;;;;;;;;;;;;;;;;;;;;;;;;;;;;;;;;;
r102;r102;;;;;;;;r102;r102;r102;;r102;r102;;;r102;r102;r102;r102;r102;r102;r102;r102;;;r102;r102;r102;r102;r102;r102;r102;r102;r102;r102;r102;r102;r102;r102;r102;r102;;;;;;;;;;;;;;;;;;;;;;;;;;;;;;;;;;;;;;;;;;;;;;;;;;;;
r103;r103;;;;;;;;r103;r103;r103;;r103;r103;;;r103;r103;r103;r103;r103;r103;r103;r103;;;r103;r103;r103;r103;r103;r103;r103;r103;r103;r103;r103;r103;r103;r103;r103;r103;;;;;;;;;;;;;;;;;;;;;;;;;;;;;;;;;;;;;;;;;;;;;;;;;;;;
r104;r104;;;;;;;;r104;r104;r104;;r104;r104;;;r104;r104;r104;r104;r104;r104;r104;r104;;;r104;r104;r104;r104;r104;r104;r104;r104;r104;r104;r104;r104;r104;r104;r104;r104;;;;;;;;;;;;;;;;;;;;;;;;;;;;;;;;;;;;;;;;;;;;;;;;;;;;
r105;r105;;;;;;;;r105;r105;r105;;r105;r105;;;r105;r105;r105;r105;r105;r105;r105;r105;;;r105;r105;r105;r105;r105;r105;r105;r105;r105;r105;r105;r105;r105;r105;r105;r105;;;;;;;;;;;;;;;;;;;;;;;;;;;;;;;;;;;;;;;;;;;;;;;;;;;;
;r26;r26;r26;r26;r26;r26;;r26;;;;r26;;;;r26;;;;;;;;;;;;;;;;;;;;;;;;;;;r26;;;;;;;;;;;;;;;;;;;;;;;;;;;;;;;;;;;;;;;;;;;;;;;;;;;
;;;;;;;;;;;;;;r31;;;;;;;;;;;;;;;;;;;;;;;;;;;;;;;;;;;;;;;;;;;;;;;;;;;;;;;;;;;;;;;;;;;;;;;;;;;;;;;;
;;;;;;;;;;d146;;;;;;;;;;;;;;;;;;;;;;;;;;;;;;;;;;;;;;;;;;;;;;;;;;;;;;;;;;;;;;;;;;;;;;;;;;;;;;;;;;;;
r42;r42;r42;r42;r42;r42;r42;;r42;r42;;;r42;r42;r42;;r42;;r42;r42;r42;r42;r42;r42;r42;;;;;;;;;;r42;r42;r42;r42;r42;r42;r42;r42;r42;r42;;;;;;;;;;;;;;;;;;;;;;;;;;;;;;;;;;;;;;;;;;;;;;;;;;;
;;;;;;;;;;;;;;r44;;;;;;;;;;;;;;;;;;;;;;;;;;;;;;;;;;;;;;;;;;;;;;;;;;;;;;;;;;;;;;;;;;;;;;;;;;;;;;;;
;;;;;;;;;;;;;;r46;;;;;;;;;;;;;;;;;;;;;;;;;;;;;;;;;;;;;;;;;;;;;;;;;;;;;;;;;;;;;;;;;;;;;;;;;;;;;;;;
r99;;;;;;;;;d124;;;;;;;;d123-r99;;;;;;;;;d122;r99;r99;r99;r99;r99;r99;r99;;;;;;;;;;;;;;;;;;;;;;;;;;;;;;;;;;;;;;;;;;121;;;;;;;;;;;;;;;;;;;
;;;;;;;;;;;;;;r48;;;;;;;;;;;;;;;;;;;;;;;;;;;;;;;;;;;;;;;;;;;;;;;;;;;;;;;;;;;;;;;;;;;;;;;;;;;;;;;;
r61;r61;;;;;;;;r61;;;;r61;r61;;;;r61;r61;r61;r61;r61;r61;r61;;;;;;;;;;r61;r61;r61;r61;r61;r61;r61;r61;r61;;;;;;;;;;;;;;;;;;;;;;;;;;;;;;;;;;;;;;;;;;;;;;;;;;;;
;d141;;;;;;;;d105;;;;;;;;;;;;;;;;;;;;;;;;;d101;d102;d106;d107;d108;d109;d110;d111;d112;;;;;;;;;;;;;;;;;;;;;;;;;;;;;;;;;;;;;;;;;;;;;147;96;97;98;99;100;103;104
;d148;;;;;;;;;;;;;;;;;;;;;;;;;;;;;;;;;;;;;;;;;;;;;;;;;;;;;;;;;;;;;;;;;;;;;;;;;;;;;;;;;;;;;;;;;;;;;
;d131;;;;;;;;d105;;;;;;;;;;;;;;;;;;;;;;;;;d101;d102;d106;d107;d108;d109;d110;d111;d112;;;;;;;;;;;;;;;;;;;;;;;;;;;;;;;;;;149;;;;;;;;;;150;95;96;97;98;99;100;103;104
r50;r50;;;;;;;;r50;;;;r50;r50;;;;r50;r50;r50;r50;r50;r50;r50;;;;;;;;;;r50;r50;r50;r50;r50;r50;r50;r50;r50;;;;;;;;;;;;;;;;;;;;;;;;;;;;;;;;;;;;;;;;;;;;;;;;;;;;
;d131;;;;;;;;d105;;;;;;;;;;;;;;;;;;;;;;;;;d101;d102;d106;d107;d108;d109;d110;d111;d112;;;;;;;;;;;;;;;;;;;;;;;;;;;;;;;;;;;;;;;;;;;;151;95;96;97;98;99;100;103;104
;d131;;;;;;;;d105;;;;;;;;;;;;;;;;;;;;;;;;;d101;d102;d106;d107;d108;d109;d110;d111;d112;;;;;;;;;;;;;;;;;;;;;;;;;;;;;;;;;;;;;;;;;;;;152;95;96;97;98;99;100;103;104
;d131;;;;;;;;d105;;;;;;;;;;;;;;;;;;;;;;;;;d101;d102;d106;d107;d108;d109;d110;d111;d112;;;;;;;;;;;;;;;;;;;;;;;;;;;;;;;;;;;;;;;;;;;;153;95;96;97;98;99;100;103;104
r73;r73;;;;;;;;r73;;;;r73;r73;;;;r73;r73;r73;r73;r73;r73;r73;;;;;;;;;;r73;r73;r73;r73;r73;r73;r73;r73;r73;;;;;;;;;;;;;;;;;;;;;;;;;;;;;;;;;;;;;;;;;;;;;;;;;;;;
d154;;;;;;;;;;;;;;;;;;;;;;;;;;;;;;;;;;;;;;;;;;;;;;;;;;;;;;;;;;;;;;;;;;;;;;;;;;;;;;;;;;;;;;;;;;;;;;
r99;r99;;;;;;;;r99;r99;r99;;r99;r99;;;r99;r99;r99;r99;r99;r99;r99;r99;;d122;r99;r99;r99;r99;r99;r99;r99;r99;r99;r99;r99;r99;r99;r99;r99;r99;;;;;;;;;;;;;;;;;;;;;;;;;;;;;;;;;;;;;;;;;;;;;;;;;;;;
;;;;;;;;;;;;;;;;;;;;;;;;;d155;;;;;;;;;;;;;;;;;;;;;;;;;;;;;;;;;;;;;;;;;;;;;;;;;;;;;;;;;;;;;;;;;;;;;
;d141;;;;;;;;d105;;;;;;;;;;;;;;;;;;;;;;;;;d101;d102;d106;d107;d108;d109;d110;d111;d112;;;;;;;;;;;;;;;;;;;;;;;;;;;;;;;;;;;;;;;;;;;;;;156;97;98;99;100;103;104
;d141;;;;;;;;d105;;;;;;;;;;;;;;;;;;;;;;;;;d101;d102;d106;d107;d108;d109;d110;d111;d112;;;;;;;;;;;;;;;;;;;;;;;;;;;;;;;;;;;;;;;;;;;;;;;157;98;99;100;103;104
;d141;;;;;;;;d105;;;;;;;;;;;;;;;;;;;;;;;;;d101;d102;d106;d107;d108;d109;d110;d111;d112;;;;;;;;;;;;;;;;;;;;;;;;;;;;;;;;;;;;;;;;;;;;;;;;158;99;100;103;104
;d141;;;;;;;;d105;;;;;;;;;;;;;;;;;;;;;;;;;d101;d102;d106;d107;d108;d109;d110;d111;d112;;;;;;;;;;;;;;;;;;;;;;;;;;;;;;;;;;;;;;;;;;;;;;;;159;99;100;103;104
;d141;;;;;;;;d105;;;;;;;;;;;;;;;;;;;;;;;;;d101;d102;d106;d107;d108;d109;d110;d111;d112;;;;;;;;;;;;;;;;;;;;;;;;;;;;;;;;;;;;;;;;;;;;;;;;;160;100;103;104
;d141;;;;;;;;d105;;;;;;;;;;;;;;;;;;;;;;;;;d101;d102;d106;d107;d108;d109;d110;d111;d112;;;;;;;;;;;;;;;;;;;;;;;;;;;;;;;;;;;;;;;;;;;;;;;;;;161;103;104
;d141;;;;;;;;d105;;;;;;;;;;;;;;;;;;;;;;;;;d101;d102;d106;d107;d108;d109;d110;d111;d112;;;;;;;;;;;;;;;;;;;;;;;;;;;;;;;;;;;;;;;;;;;;;;;;;;162;103;104
r91;r91;;;;;;;;r91;r91;r91;;r91;r91;;;d143;r91;r91;r91;r91;r91;r91;r91;;;r91;r91;r91;r91;r91;r91;r91;r91;r91;r91;r91;r91;r91;r91;r91;r91;;;;;;;;;;;;;;;;;;;;;;;;;;;;;;;;;;;;;;;;;;;;;;;;;;;;
r99;r99;;;;;;;;r99;r99;r99;;r99;r99;;;r99;r99;r99;r99;r99;r99;r99;r99;;;r99;r99;r99;r99;r99;r99;r99;r99;r99;r99;r99;r99;r99;r99;r99;r99;;;;;;;;;;;;;;;;;;;;;;;;;;;;;;;;;;;;;;;;;;;;;;;;;;;;
r92;r92;;;;;;;;r92;r92;r92;;r92;r92;;;d143;r92;r92;r92;r92;r92;r92;r92;;;r92;r92;r92;r92;r92;r92;r92;r92;r92;r92;r92;r92;r92;r92;r92;r92;;;;;;;;;;;;;;;;;;;;;;;;;;;;;;;;;;;;;;;;;;;;;;;;;;;;
;d163;;;;;;;;;;;;;;;;;;;;;;;;;;;;;;;;;;;;;;;;;;;;;;;;;;;;;;;;;;;;;;;;;;;;;;;;;;;;;;;;;;;;;;;;;;;;;
;;;;;;;;;;d164;;;;;;;;;;;;;;;;;;;;;;;;;;;;;;;;;;;;;;;;;;;;;;;;;;;;;;;;;;;;;;;;;;;;;;;;;;;;;;;;;;;;
;d165;;;;;;;;;;;;;;;;;;;;;;;;;;;;;;;;;;;;;;;;;;;;;;;;;;;;;;;;;;;;;;;;;;;;;;;;;;;;;;;;;;;;;;;;;;;;;
d166;;;;;;;;;;;;;;;;;;;;;;;;;;;;;;;;;;;;;;;;;;;;;;;;;;;;;;;;;;;;;;;;;;;;;;;;;;;;;;;;;;;;;;;;;;;;;;
r77;r77;;;;;;;;r77;r77;r77;;r77;r77;;;;r77;r77;r77;r77;r77;r77;r77;;;d133;;;;;;;r77;r77;r77;r77;r77;r77;r77;r77;r77;;;;;;;;;;;;;;;;;;;;;;;;;;;;;;;;;;;;;;;;;;;;;;;;;;;;
;;;;;;;;;d167;;;;;;;;;;;;;;;;;;;;;;;;;;;;;;;;;;;;;;;;;;;;;;;;;;;;;;;;;;;;;;;;;;;;;;;;;;;;;;;;;;;;;
;;;;;;;;;;d168;;;;;;;;;;;;;;;;;;;;;;;;;;;;;;;;;;;;;;;;;;;;;;;;;;;;;;;;;;;;;;;;;;;;;;;;;;;;;;;;;;;;
;;;;;;;;;;r66;d170;;;;;;;;;;;;;;;;;;;;;;;;;;;;;;;;;;;;;;;;;;;;;;;;;;;;;;;;;;;;;;;;;;169;;;;;;;;;;;;;;;;;
;;;;;;;;;;d171;;;;;;;;;;;;;;;;;;;;;;;;;;;;;;;;;;;;;;;;;;;;;;;;;;;;;;;;;;;;;;;;;;;;;;;;;;;;;;;;;;;;
;;;;;;;;;;d172;;;;;;;;;;;;;;;;;;;;;;;;;;;;;;;;;;;;;;;;;;;;;;;;;;;;;;;;;;;;;;;;;;;;;;;;;;;;;;;;;;;;
d173;;;;;;;;;;;;;;;;;;;;;;;;;;;;;;;;;;;;;;;;;;;;;;;;;;;;;;;;;;;;;;;;;;;;;;;;;;;;;;;;;;;;;;;;;;;;;;
r72;r72;;;;;;;;r72;;;;r72;r72;;;;r72;r72;r72;r72;r72;r72;r72;;;;;;;;;;r72;r72;r72;r72;r72;r72;r72;r72;r72;;;;;;;;;;;;;;;;;;;;;;;;;;;;;;;;;;;;;;;;;;;;;;;;;;;;
;;;;;;;;;d174;;;;;;;;;;;;;;;;;;;;;;;;;;;;;;;;;;;;;;;;;;;;;;;;;;;;;;;;;;;;;;;;;;;;;;;;;;;;;;;;;;;;;
r79;r79;;;;;;;;r79;r79;r79;;r79;r79;;;;r79;r79;r79;r79;r79;r79;r79;;;r79;d134;;;;;;r79;r79;r79;r79;r79;r79;r79;r79;r79;;;;;;;;;;;;;;;;;;;;;;;;;;;;;;;;;;;;;;;;;;;;;;;;;;;;
r81;r81;;;;;;;;r81;r81;r81;;r81;r81;;;;r81;r81;r81;r81;r81;r81;r81;;;r81;r81;d135;d136;;;;r81;r81;r81;r81;r81;r81;r81;r81;r81;;;;;;;;;;;;;;;;;;;;;;;;;;;;;;;;;;;;;;;;;;;;;;;;;;;;
r83;r83;;;;;;;;r83;r83;r83;;r83;r83;;;;r83;r83;r83;r83;r83;r83;r83;;;r83;r83;r83;r83;d137;;;r83;r83;r83;r83;r83;r83;r83;r83;r83;;;;;;;;;;;;;;;;;;;;;;;;;;;;;;;;;;;;;;;;;;;;;;;;;;;;
r84;r84;;;;;;;;r84;r84;r84;;r84;r84;;;;r84;r84;r84;r84;r84;r84;r84;;;r84;r84;r84;r84;d137;;;r84;r84;r84;r84;r84;r84;r84;r84;r84;;;;;;;;;;;;;;;;;;;;;;;;;;;;;;;;;;;;;;;;;;;;;;;;;;;;
r86;r86;;;;;;;;r86;r86;r86;;r86;r86;;;;r86;r86;r86;r86;r86;r86;r86;;;r86;r86;r86;r86;r86;d138;d139;r86;r86;r86;r86;r86;r86;r86;r86;r86;;;;;;;;;;;;;;;;;;;;;;;;;;;;;;;;;;;;;;;;;;;;;;;;;;;;
r88;r88;;;;;;;;r88;r88;r88;;r88;r88;;;;r88;r88;r88;r88;r88;r88;r88;;;r88;r88;r88;r88;r88;r88;r88;r88;r88;r88;r88;r88;r88;r88;r88;r88;;;;;;;;;;;;;;;;;;;;;;;;;;;;;;;;;;;;;;;;;;;;;;;;;;;;
r89;r89;;;;;;;;r89;r89;r89;;r89;r89;;;;r89;r89;r89;r89;r89;r89;r89;;;r89;r89;r89;r89;r89;r89;r89;r89;r89;r89;r89;r89;r89;r89;r89;r89;;;;;;;;;;;;;;;;;;;;;;;;;;;;;;;;;;;;;;;;;;;;;;;;;;;;
r95;r95;;;;;;;;r95;r95;r95;;r95;r95;;;r95;r95;r95;r95;r95;r95;r95;r95;;d175;r95;r95;r95;r95;r95;r95;r95;r95;r95;r95;r95;r95;r95;r95;r95;r95;;;;;;;;;;;;;;;;;;;;;;;;;;;;;;;;;;;;;;;;;;;;;;;;;;;;
r97;r97;;;;;;;;r97;r97;r97;;r97;r97;;;r97;r97;r97;r97;r97;r97;r97;r97;;;r97;r97;r97;r97;r97;r97;r97;r97;r97;r97;r97;r97;r97;r97;r97;r97;;;;;;;;;;;;;;;;;;;;;;;;;;;;;;;;;;;;;;;;;;;;;;;;;;;;
;;;;;;;;;;d176;;;;;;;;;;;;;;;;;;;;;;;;;;;;;;;;;;;;;;;;;;;;;;;;;;;;;;;;;;;;;;;;;;;;;;;;;;;;;;;;;;;;
;r41;;r41;r41;r41;r41;;r41;;;;;;r41;;;;;;;;;;;;;;;;;;;;;;;;;;;;;;;;;;;;;;;;;;;;;;;;;;;;;;;;;;;;;;;;;;;;;;;;;;;;;;;;
;d131;;;;;;;;d105;;;;;;;;;;;;;;;;;;;;;;;;;d101;d102;d106;d107;d108;d109;d110;d111;d112;;;;;;;;;;;;;;;;;;;;;;;;;;;;;;;;;;177;;;;;;;;;;150;95;96;97;98;99;100;103;104
r63;r63;;;;;;;;r63;;;;r63;r63;;;;r63;r63;r63;r63;r63;r63;r63;;;;;;;;;;r63;r63;r63;r63;r63;r63;r63;r63;r63;;;;;;;;;;;;;;;;;;;;;;;;;;;;;;;;;;;;;;;;;;;;;;;;;;;;
;;;;;;;;;;r64;;;;;;;;;;;;;;;;;;;;;;;;;;;;;;;;;;;;;;;;;;;;;;;;;;;;;;;;;;;;;;;;;;;;;;;;;;;;;;;;;;;;
;;;;;;;;;;r66;d170;;;;;;;;;;;;;;;;;;;;;;;;;;;;;;;;;;;;;;;;;;;;;;;;;;;;;;;;;;;;;;;;;;178;;;;;;;;;;;;;;;;;
r60;d119;;;;;;;;d105;;;;d62;;;;;d89;;d90;d91;d93;d92;d94;;;;;;;;;;d101;d102;d106;d107;d108;d109;d110;d111;d112;;;;;;;;;;;;;;;;;;;;;;;;;86;;;;;179;79;87;;;;80;;81;82;84;83;85;;88;95;96;97;98;99;100;103;104
r60;d119;;;;;;;;d105;;;;d62;;;;;d89;;d90;d91;d93;d92;d94;;;;;;;;;;d101;d102;d106;d107;d108;d109;d110;d111;d112;;;;;;;;;;;;;;;;;;;;;;;;;86;;;;;180;79;87;;;;80;;81;82;84;83;85;;88;95;96;97;98;99;100;103;104
;d131;;;;;;;;d105;;;;;;;;;;;;;;;;;;;;;;;;;d101;d102;d106;d107;d108;d109;d110;d111;d112;;;;;;;;;;;;;;;;;;;;;;;;;;;;;;;;;;;;;;;;;;;;181;95;96;97;98;99;100;103;104
;d131;;;;;;;;d105;;;;;;;;;;;;;;;;;;;;;;;;;d101;d102;d106;d107;d108;d109;d110;d111;d112;;;;;;;;;;;;;;;;;;;;;;;;;;;;;;;;;;;;;;;;;;;;182;95;96;97;98;99;100;103;104
;d141;;;;;;;;d105;;;;;;;;;;;;;;;;;;;;;;;;;;;d106;d107;d108;d109;d110;d111;d112;;;;;;;;;;;;;;;;;;;;;;;;;;;;;;;;;;;;;;;;;;;;;;;;;;;;183
r100;r100;;;;;;;;r100;r100;r100;;r100;r100;;;r100;r100;r100;r100;r100;r100;r100;r100;;;r100;r100;r100;r100;r100;r100;r100;r100;r100;r100;r100;r100;r100;r100;r100;r100;;;;;;;;;;;;;;;;;;;;;;;;;;;;;;;;;;;;;;;;;;;;;;;;;;;;
;;;;;;;;;;d184;;;;;;;;;;;;;;;;;;;;;;;;;;;;;;;;;;;;;;;;;;;;;;;;;;;;;;;;;;;;;;;;;;;;;;;;;;;;;;;;;;;;
;;;;;;;;;;r65;;;;;;;;;;;;;;;;;;;;;;;;;;;;;;;;;;;;;;;;;;;;;;;;;;;;;;;;;;;;;;;;;;;;;;;;;;;;;;;;;;;;
r69;r69;;;;;;;;r69;;;;r69;r69;;;;r69;d186-r69;r69;r69;r69;r69;r69;;;;;;;;;;r69;r69;r69;r69;r69;r69;r69;r69;r69;;;;;;;;;;;;;;;;;;;;;;;;;;;;;;;;;;;;;185;;;;;;;;;;;;;;;
r70;r70;;;;;;;;r70;;;;r70;r70;;;;r70;r70;r70;r70;r70;r70;r70;;;;;;;;;;r70;r70;r70;r70;r70;r70;r70;r70;r70;;;;;;;;;;;;;;;;;;;;;;;;;;;;;;;;;;;;;;;;;;;;;;;;;;;;
d187;;;;;;;;;;;;;;;;;;;;;;;;;;;;;;;;;;;;;;;;;;;;;;;;;;;;;;;;;;;;;;;;;;;;;;;;;;;;;;;;;;;;;;;;;;;;;;
;;;;;;;;;;r76;d189;;;;;;;;;;;;;;;;;;;;;;;;;;;;;;;;;;;;;;;;;;;;;;;;;;;;;;;;;;;;;;;;;;;;;;;;;;188;;;;;;;;;
r94;r94;;;;;;;;r94;r94;r94;;r94;r94;;;r94;r94;r94;r94;r94;r94;r94;r94;;;r94;r94;r94;r94;r94;r94;r94;r94;r94;r94;r94;r94;r94;r94;r94;r94;;;;;;;;;;;;;;;;;;;;;;;;;;;;;;;;;;;;;;;;;;;;;;;;;;;;
r62;r62;;;;;;;;r62;;;;r62;r62;;;;r62;r62;r62;r62;r62;r62;r62;;;;;;;;;;r62;r62;r62;r62;r62;r62;r62;r62;r62;;;;;;;;;;;;;;;;;;;;;;;;;;;;;;;;;;;;;;;;;;;;;;;;;;;;
r67;r67;;;;;;;;r67;;;;r67;r67;;;;r67;r67;r67;r67;r67;r67;r67;;;;;;;;;;r67;r67;r67;r67;r67;r67;r67;r67;r67;;;;;;;;;;;;;;;;;;;;;;;;;;;;;;;;;;;;;;;;;;;;;;;;;;;;
r60;d119;;;;;;;;d105;;;;d62;;;;;d89;;d90;d91;d93;d92;d94;;;;;;;;;;d101;d102;d106;d107;d108;d109;d110;d111;d112;;;;;;;;;;;;;;;;;;;;;;;;;86;;;;;190;79;87;;;;80;;81;82;84;83;85;;88;95;96;97;98;99;100;103;104
;d131;;;;;;;;d105;;;;;;;;;;;;;;;;;;;;;;;;;d101;d102;d106;d107;d108;d109;d110;d111;d112;;;;;;;;;;;;;;;;;;;;;;;;;;;;;;;;;;;;;;;;;;;;191;95;96;97;98;99;100;103;104
;;;;;;;;;;d192;;;;;;;;;;;;;;;;;;;;;;;;;;;;;;;;;;;;;;;;;;;;;;;;;;;;;;;;;;;;;;;;;;;;;;;;;;;;;;;;;;;;
;d131;;;;;;;;d105;;;;;;;;;;;;;;;;;;;;;;;;;d101;d102;d106;d107;d108;d109;d110;d111;d112;;;;;;;;;;;;;;;;;;;;;;;;;;;;;;;;;;;;;;;;;;;;193;95;96;97;98;99;100;103;104
r68;r68;;;;;;;;r68;;;;r68;r68;;;;r68;r68;r68;r68;r68;r68;r68;;;;;;;;;;r68;r68;r68;r68;r68;r68;r68;r68;r68;;;;;;;;;;;;;;;;;;;;;;;;;;;;;;;;;;;;;;;;;;;;;;;;;;;;
;;;;;;;;;;d194;;;;;;;;;;;;;;;;;;;;;;;;;;;;;;;;;;;;;;;;;;;;;;;;;;;;;;;;;;;;;;;;;;;;;;;;;;;;;;;;;;;;
d195;;;;;;;;;;;;;;;;;;;;;;;;;;;;;;;;;;;;;;;;;;;;;;;;;;;;;;;;;;;;;;;;;;;;;;;;;;;;;;;;;;;;;;;;;;;;;;
;;;;;;;;;;r76;d189;;;;;;;;;;;;;;;;;;;;;;;;;;;;;;;;;;;;;;;;;;;;;;;;;;;;;;;;;;;;;;;;;;;;;;;;;;196;;;;;;;;;
r60;d119;;;;;;;;d105;;;;d62;;;;;d89;;d90;d91;d93;d92;d94;;;;;;;;;;d101;d102;d106;d107;d108;d109;d110;d111;d112;;;;;;;;;;;;;;;;;;;;;;;;;86;;;;;197;79;87;;;;80;;81;82;84;83;85;;88;95;96;97;98;99;100;103;104
r74;r74;;;;;;;;r74;;;;r74;r74;;;;r74;r74;r74;r74;r74;r74;r74;;;;;;;;;;r74;r74;r74;r74;r74;r74;r74;r74;r74;;;;;;;;;;;;;;;;;;;;;;;;;;;;;;;;;;;;;;;;;;;;;;;;;;;;
;;;;;;;;;;r75;;;;;;;;;;;;;;;;;;;;;;;;;;;;;;;;;;;;;;;;;;;;;;;;;;;;;;;;;;;;;;;;;;;;;;;;;;;;;;;;;;;;
r71;r71;;;;;;;;r71;;;;r71;r71;;;;r71;r71;r71;r71;r71;r71;r71;;;;;;;;;;r71;r71;r71;r71;r71;r71;r71;r71;r71;;;;;;;;;;;;;;;;;;;;;;;;;;;;;;;;;;;;;;;;;;;;;;;;;;;;
